{
  "version": "v1",
  "archetypes": [
    {
      "id": "arch_prodigy",
      "name": "The Prodigy",
      "traits": [
        "high_potential",
        "volatile"
      ],
      "base_skills": {
        "knife": 62,
        "workflow": 48,
        "hygiene": 55,
        "timing": 45,
        "plating": 52,
        "sauce": 50
      },
      "volatility": 0.25,
      "conflict_tags": [
        "clash:ego"
      ]
    },
    {
      "id": "arch_station_rock",
      "name": "The Station Rock",
      "traits": [
        "reliable",
        "steady"
      ],
      "base_skills": {
        "knife": 52,
        "workflow": 60,
        "hygiene": 62,
        "timing": 58,
        "plating": 45,
        "sauce": 48
      },
      "volatility": 0.08,
      "conflict_tags": []
    },
    {
      "id": "arch_artist",
      "name": "The Artist",
      "traits": [
        "creative",
        "anti_structure"
      ],
      "base_skills": {
        "knife": 46,
        "workflow": 42,
        "hygiene": 50,
        "timing": 44,
        "plating": 66,
        "sauce": 52
      },
      "volatility": 0.18,
      "conflict_tags": [
        "clash:creativity_vs_tradition"
      ]
    },
    {
      "id": "arch_classicist",
      "name": "The Classicist",
      "traits": [
        "traditional",
        "critical"
      ],
      "base_skills": {
        "knife": 50,
        "workflow": 54,
        "hygiene": 58,
        "timing": 50,
        "plating": 48,
        "sauce": 64
      },
      "volatility": 0.12,
      "conflict_tags": [
        "clash:hierarchy"
      ]
    },
    {
      "id": "arch_influencer",
      "name": "The Influencer",
      "traits": [
        "brand_savvy",
        "spotlight"
      ],
      "base_skills": {
        "knife": 44,
        "workflow": 46,
        "hygiene": 52,
        "timing": 48,
        "plating": 55,
        "sauce": 47
      },
      "volatility": 0.2,
      "conflict_tags": [
        "clash:ego",
        "clash:communication"
      ]
    }
  ]
}
