{
  "id": "US_m001_tryouts",
  "title": "Tryouts Under the Spotlight",
  "chapter": "CH1_TRYOUTS",
  "week": 1,
  "type": "story",
  "intro": [
    "A sponsor rep is watching. Someone is filming. The kitchen feels like a stage.",
    "You need performance — but you also need a team that won’t implode."
  ],
  "requirements": {
    "flags_all": [],
    "flags_none": [],
    "min_reputation": 0
  },
  "choices": [
    {
      "id": "c1_pick_brand_ready",
      "label": "Pick the ones who present well (reputation + sponsor momentum)",
      "checks": [
        {
          "stat": "team.reputation",
          "difficulty": 20,
          "success_mods": [],
          "fail_mods": []
        }
      ],
      "outcomes": {
        "success": {
          "text": "Sponsors like confidence. Your reputation lifts immediately.",
          "effects": [
            {
              "op": "inc",
              "path": "team.reputation",
              "value": 6
            },
            {
              "op": "inc",
              "path": "team.cohesion",
              "value": -2
            },
            {
              "op": "set_flag",
              "value": "FLAG_SPOTLIGHT_TEAM"
            }
          ]
        },
        "fail": {
          "text": "The room feels performative. Under pressure, cracks show.",
          "effects": [
            {
              "op": "inc",
              "path": "team.risk",
              "value": 5
            },
            {
              "op": "inc",
              "path": "team.morale",
              "value": -2
            }
          ]
        }
      }
    },
    {
      "id": "c2_pick_builders",
      "label": "Pick builders (systems people who make others better)",
      "checks": [
        {
          "stat": "team.reputation",
          "difficulty": 28,
          "success_mods": [],
          "fail_mods": []
        }
      ],
      "outcomes": {
        "success": {
          "text": "Not flashy — but the workflow is clean and repeatable.",
          "effects": [
            {
              "op": "inc",
              "path": "team.cohesion",
              "value": 7
            },
            {
              "op": "inc",
              "path": "team.workflow_bonus",
              "value": 2
            }
          ]
        },
        "fail": {
          "text": "The systems are good, but the moment demands confidence you don’t have yet.",
          "effects": [
            {
              "op": "inc",
              "path": "team.reputation",
              "value": -2
            }
          ]
        }
      }
    }
  ],
  "rewards": {
    "unlock_missions": []
  }
}
