{
  "id": "AU_m001_tryouts",
  "title": "Tryouts Before Service",
  "chapter": "CH1_TRYOUTS",
  "week": 1,
  "type": "story",
  "intro": [
    "The kitchen is borrowed, the time is short, and everyone still has jobs after this.",
    "You need a team that can handle pressure and still show pride on the plate."
  ],
  "requirements": {
    "flags_all": [],
    "flags_none": [],
    "min_reputation": 0
  },
  "choices": [
    {
      "id": "c1_pick_grit",
      "label": "Pick grit and reliability (build the culture first)",
      "checks": [
        {
          "stat": "team.reputation",
          "difficulty": 25,
          "success_mods": [],
          "fail_mods": []
        }
      ],
      "outcomes": {
        "success": {
          "text": "They’re not flashy, but they’re present, calm, and coachable.",
          "effects": [
            {
              "op": "inc",
              "path": "team.cohesion",
              "value": 8
            },
            {
              "op": "inc",
              "path": "team.morale",
              "value": 5
            },
            {
              "op": "set_flag",
              "value": "FLAG_CULTURE_FIRST"
            }
          ],
          "set_flags": [
            "FLAG_CULTURE_FIRST"
          ]
        },
        "fail": {
          "text": "You get reliability… but the room feels flat. No edge.",
          "effects": [
            {
              "op": "inc",
              "path": "team.morale",
              "value": -2
            },
            {
              "op": "inc",
              "path": "team.reputation",
              "value": -1
            }
          ]
        }
      }
    },
    {
      "id": "c2_pick_star",
      "label": "Pick raw talent (high ceiling, high drama)",
      "checks": [
        {
          "stat": "team.reputation",
          "difficulty": 35,
          "success_mods": [],
          "fail_mods": []
        }
      ],
      "outcomes": {
        "success": {
          "text": "The skill is obvious. So is the ego. You’ll need leadership, fast.",
          "effects": [
            {
              "op": "inc",
              "path": "team.reputation",
              "value": 4
            },
            {
              "op": "inc",
              "path": "team.cohesion",
              "value": -3
            },
            {
              "op": "inc",
              "path": "team.risk",
              "value": 4
            },
            {
              "op": "set_flag",
              "value": "FLAG_EGO_PRESENT"
            }
          ],
          "set_flags": [
            "FLAG_EGO_PRESENT"
          ]
        },
        "fail": {
          "text": "They talk big, but shrink when the clock starts.",
          "effects": [
            {
              "op": "inc",
              "path": "team.morale",
              "value": -4
            }
          ]
        }
      }
    }
  ],
  "rewards": {
    "unlock_missions": []
  }
}
