{
  "id": "rubric_standard",
  "scale": {
    "min": 0,
    "max": 10
  },
  "criteria": [
    {
      "key": "taste",
      "weight": 0.3
    },
    {
      "key": "technique",
      "weight": 0.25
    },
    {
      "key": "workflow",
      "weight": 0.15
    },
    {
      "key": "hygiene",
      "weight": 0.15,
      "critical": true
    },
    {
      "key": "presentation",
      "weight": 0.1
    },
    {
      "key": "timing",
      "weight": 0.05
    }
  ],
  "penalties": [
    {
      "key": "late_plating",
      "points": -5
    },
    {
      "key": "cross_contamination",
      "result": "DQ"
    }
  ]
}
