{
  "id": "FR_m005c_team_selection_camp",
  "title": "Team Selection Camp",
  "chapter": "CH3_TRAINING",
  "week": 5,
  "type": "story",
  "intro": [
    "Big teams win with systems, not vibes.",
    "Select your core lineup and commit to station ownership."
  ],
  "requirements": {
    "flags_all": [
      "FLAG_CIRCUIT_TEAM_GLOBAL"
    ],
    "flags_none": [],
    "min_reputation": 0
  },
  "choices": [
    {
      "id": "c1_stations",
      "label": "Lock captain + station leads (clarity over comfort)",
      "checks": [
        {
          "stat": "team.reputation",
          "difficulty": 18,
          "success_mods": [],
          "fail_mods": []
        }
      ],
      "outcomes": {
        "success": {
          "text": "The team respects the structure. Practice gets sharper.",
          "effects": [
            {
              "op": "set_flag",
              "value": "FLAG_TEAM_SELECTED"
            },
            {
              "op": "inc",
              "path": "team.cohesion",
              "value": 3
            },
            {
              "op": "inc",
              "path": "team.workflow_bonus",
              "value": 2
            }
          ],
          "set_flags": [
            "FLAG_TEAM_SELECTED"
          ]
        },
        "fail": {
          "text": "You try to assign stations, but resentment builds fast.",
          "effects": [
            {
              "op": "inc",
              "path": "team.cohesion",
              "value": -6
            },
            {
              "op": "set_flag",
              "value": "FLAG_STATION_TENSION"
            }
          ]
        }
      }
    },
    {
      "id": "c2_rotate",
      "label": "Rotate stations (fairness, but slower mastery)",
      "checks": [
        {
          "stat": "team.reputation",
          "difficulty": 12,
          "success_mods": [],
          "fail_mods": []
        }
      ],
      "outcomes": {
        "success": {
          "text": "Everyone feels heard. Mastery takes longer.",
          "effects": [
            {
              "op": "inc",
              "path": "team.cohesion",
              "value": 5
            },
            {
              "op": "inc",
              "path": "team.readiness",
              "value": 1
            },
            {
              "op": "set_flag",
              "value": "FLAG_ROTATION"
            }
          ],
          "set_flags": [
            "FLAG_ROTATION"
          ]
        },
        "fail": {
          "text": "Rotation turns into confusion. Nobody owns the pass.",
          "effects": [
            {
              "op": "inc",
              "path": "team.readiness",
              "value": -2
            },
            {
              "op": "inc",
              "path": "team.risk",
              "value": 5
            }
          ]
        }
      }
    }
  ],
  "rewards": {
    "unlock_missions": []
  }
}