{
  "id": "FR_m001_tryouts",
  "title": "The Brigade Test",
  "chapter": "CH1_TRYOUTS",
  "week": 1,
  "type": "story",
  "intro": [
    "A quiet chef watches everything and says nothing — until the cut is wrong.",
    "Here, critique isn’t personal. But pride always is."
  ],
  "requirements": {
    "flags_all": [],
    "flags_none": [],
    "min_reputation": 0
  },
  "choices": [
    {
      "id": "c1_classics_first",
      "label": "Test fundamentals (sauces, knives, discipline)",
      "checks": [
        {
          "stat": "team.reputation",
          "difficulty": 25,
          "success_mods": [],
          "fail_mods": []
        }
      ],
      "outcomes": {
        "success": {
          "text": "The foundations are strong. The team respects the structure.",
          "effects": [
            {
              "op": "inc",
              "path": "team.reputation",
              "value": 3
            },
            {
              "op": "inc",
              "path": "team.cohesion",
              "value": 4
            },
            {
              "op": "set_flag",
              "value": "FLAG_BRIGADE_RESPECT"
            }
          ]
        },
        "fail": {
          "text": "The critique lands harshly. A few faces close off.",
          "effects": [
            {
              "op": "inc",
              "path": "team.morale",
              "value": -4
            },
            {
              "op": "inc",
              "path": "team.cohesion",
              "value": -2
            }
          ]
        }
      }
    },
    {
      "id": "c2_allow_creativity",
      "label": "Allow creativity (let them show identity early)",
      "checks": [
        {
          "stat": "team.reputation",
          "difficulty": 30,
          "success_mods": [],
          "fail_mods": []
        }
      ],
      "outcomes": {
        "success": {
          "text": "Beautiful ideas — and immediately, debate. Tradition pushes back.",
          "effects": [
            {
              "op": "inc",
              "path": "team.reputation",
              "value": 2
            },
            {
              "op": "inc",
              "path": "team.cohesion",
              "value": -3
            },
            {
              "op": "set_flag",
              "value": "FLAG_TRADITION_TENSION"
            }
          ]
        },
        "fail": {
          "text": "Without structure, the room becomes opinion. Nothing finishes.",
          "effects": [
            {
              "op": "inc",
              "path": "team.readiness",
              "value": -3
            },
            {
              "op": "inc",
              "path": "team.morale",
              "value": -2
            }
          ]
        }
      }
    }
  ],
  "rewards": {
    "unlock_missions": []
  }
}
